<xmlfile>
  <building name="Default Building">
    <presentationInfo>
      <prop name="CC" val="true" />
      <prop name="StatBar" val="true" />
      <prop name="Menu Spacing" val="10" />
    </presentationInfo>
    <hiermenu data="_nothing" label="Presentation" method="2">
      <item name="INTRO" label="INTRO" handlerArgs="@Default Building,intro">
        <item name="INTRODUCTION" label="INTRODUCTION" handlerArgs="@Default Building,intro" />
      </item>
      <item name="ORGANIZATION" label="ORGANIZATION" handlerArgs="@Default Building,overview">
        <item name="OVERVIEW" label="OVERVIEW" handlerArgs="@Default Building,overview" />
        <item name="ORGANIZATION" label="ORGANIZATION" handlerArgs="@Default Building,organization" />
      </item>
      <item name="RESPONSIBILITIES" label="RESPONSIBILITIES" handlerArgs="@Default Building,floor_warden">
        <item name="FIRE WARDENS" label="FIRE WARDENS" handlerArgs="@Default Building,floor_warden" />
        <item name="SEARCHERS" label="SEARCHERS" handlerArgs="@Default Building,searchers" />
        <item name="BUDDIES FOR PHYSICALLY CHALLENGED " label="BUDDIES FOR PHYSICALLY CHALLENGED " handlerArgs="@Default Building,physically_challenged" />
        <item name="OUTSIDE SAFE ZONE" label="OUTSIDE SAFE ZONE" handlerArgs="@Default Building,assembly_areas" />
      </item>
      <item name="CONCLUSION" label="CONCLUSION" handlerArgs="@Default Building,conclusion">
        <item name="CONCLUSION" label="CONCLUSION" handlerArgs="@Default Building,conclusion" />
      </item>
    </hiermenu>
    <multiloader>
      <item localPath="splash.swf" continuePlaying="true" ClipName="splash" ClipPath="splash.swf" ClipTarget="_root.mainFrame.clipHolder" LoadNextAfter="30" PlayableAfter="30" Preloader="BSSPL" ShowMovieLoading="true" EndAction="intro" />
      <item localPath="intro.swf" continuePlaying="true" ClipName="intro" ClipPath="intro.swf" ClipTarget="_root.mainFrame.clipHolder" LoadNextAfter="30" PlayableAfter="30" Preloader="BSSPL" ShowMovieLoading="true" EndAction="overview" />
      <item localPath="overview.swf" continuePlaying="true" ClipName="overview" ClipPath="overview.swf" ClipTarget="_root.mainFrame.clipHolder" LoadNextAfter="30" PlayableAfter="30" Preloader="BSSPL" ShowMovieLoading="true" EndAction="organization" />
      <item localPath="organization.swf" continuePlaying="true" ClipName="organization" ClipPath="organization.swf" ClipTarget="_root.mainFrame.clipHolder" LoadNextAfter="30" PlayableAfter="30" Preloader="BSSPL" ShowMovieLoading="true" EndAction="floor_warden" />
      <item localPath="floor_warden.swf" continuePlaying="true" ClipName="floor_warden" ClipPath="floor_warden.swf" ClipTarget="_root.mainFrame.clipHolder" LoadNextAfter="30" PlayableAfter="30" Preloader="BSSPL" ShowMovieLoading="true" EndAction="floor_warden2" />
      <item localPath="floor_warden2.swf" continuePlaying="true" ClipName="floor_warden2" ClipPath="floor_warden2.swf" ClipTarget="_root.mainFrame.clipHolder" LoadNextAfter="30" PlayableAfter="30" Preloader="BSSPL" ShowMovieLoading="true" EndAction="searchers" />
      <item localPath="searchers.swf" continuePlaying="true" ClipName="searchers" ClipPath="searchers.swf" ClipTarget="_root.mainFrame.clipHolder" LoadNextAfter="30" PlayableAfter="30" Preloader="BSSPL" ShowMovieLoading="true" EndAction="physically_challenged" />
      <item localPath="physically_challenged.swf" continuePlaying="true" ClipName="physically_challenged" ClipPath="physically_challenged.swf" ClipTarget="_root.mainFrame.clipHolder" LoadNextAfter="30" PlayableAfter="30" Preloader="BSSPL" ShowMovieLoading="true" EndAction="assembly_areas" />
      <item localPath="assembly_areas.swf" continuePlaying="true" ClipName="assembly_areas" ClipPath="assembly_areas.swf" ClipTarget="_root.mainFrame.clipHolder" LoadNextAfter="30" PlayableAfter="30" Preloader="BSSPL" ShowMovieLoading="true" EndAction="conclusion" />
      <item localPath="conclusion.swf" EndAction="stop" continuePlaying="false" ClipName="conclusion" ClipPath="conclusion.swf" ClipTarget="_root.mainFrame.clipHolder" LoadNextAfter="30" PlayableAfter="30" Preloader="BSSPL" ShowMovieLoading="true" />
    </multiloader>
    <buttoncreator>
      <set name="splash" />
      <set name="intro" />
      <set name="overview" />
      <set name="organization" />
      <set name="floor_warden" />
      <set name="floor_warden2" />
      <set name="searchers" />
      <set name="physically_challenged" />
      <set name="assembly_areas" />
      <set name="conclusion">
        <item name="conclusion00" style="BSS_btn" UseLocalXY="true" label="View Fire Warden Team Online Presentation again" X="#+0" Y="#+0" args="mov:@Default Building,intro" />
        <item name="conclusion01" style="BSS_btn" UseLocalXY="true" label="Take Online Quiz" X="#+0" Y="#+0" args="wVar:_root.quizLink" />
        <item name="conclusion02" style="BSS_btn" UseLocalXY="true" label="Exit Fire Warden Team Online Training Program" X="#+0" Y="305" args="url:../common/util_close_window.html" />
      </set>
    </buttoncreator>
  </building>
</xmlfile>