<xmlfile>
  <building name="Default Building">
    <presentationInfo>
      <prop name="CC" val="true" />
      <prop name="StatBar" val="true" />
      <prop name="Menu Spacing" val="10" />
    </presentationInfo>
    <hiermenu data="_nothing" label="Presentation" method="2">
      <item name="INTRO" label="INTRO" handlerArgs="@Default Building,intro">
        <item name="INTRODUCTION" label="INTRODUCTION" handlerArgs="@Default Building,intro" />
      </item>
      <item name="BUILDING" label="BUILDING" handlerArgs="@Default Building,build_intro">
        <item name="BUILDING INTRODUCTION" label="BUILDING INTRODUCTION" handlerArgs="@Default Building,build_intro" />
        <item name="STAIRWELLS" label="STAIRWELLS" handlerArgs="@Default Building,stairwells" />
        <item name="RELOCATION/EVACUATION" label="RELOCATION/EVACUATION" handlerArgs="@Default Building,Evac">
          <item name="RELOCATION/EVACUATION" label="RELOCATION/EVACUATION" handlerArgs="@Default Building,Evac" />
          <item name="PHYSICALLY CHALLENGED" label="PHYSICALLY CHALLENGED" handlerArgs="@Default Building,physicallychallenged" />
          <item name="OUTSIDE SAFE ZONES" label="OUTSIDE SAFE ZONES" handlerArgs="@Default Building,assemblyareas" />
        </item>
        <item name="ELEVATORS" label="ELEVATORS" handlerArgs="@Default Building,elevators" />
        <item name="EMERGENCY EXITS" label="EMERGENCY EXITS" handlerArgs="@Default Building,emergency_exits" />
        <item name="SAFETY SYSTEM" label="SAFETY SYSTEM" handlerArgs="@Default Building,systems01" />
        <item name="CONCLUSION" label="CONCLUSION" handlerArgs="@Default Building,first_conclusion" />
      </item>
      <item name="FIRE" label="FIRE" handlerArgs="@Default Building,fire_prevention">
        <item name="FIRE PREVENTION" label="FIRE PREVENTION" handlerArgs="@Default Building,fire_prevention" />
        <item name="IN CASE OF FIRE" label="IN CASE OF FIRE" handlerArgs="@Default Building,fire_safety" />
        <item name="SMOKE DANGERS" label="SMOKE DANGERS" handlerArgs="@Default Building,fire_smoke" />
        <item name="SHELTER IN PLACE" label="SHELTER IN PLACE" handlerArgs="@Default Building,fire_trapped" />
      </item>
      <item name="WEATHER" label="WEATHER" handlerArgs="@Default Building,weather_before">
        <item name="BEFORE SEVERE WEATHER" label="BEFORE SEVERE WEATHER" handlerArgs="@Default Building,weather_before" />
        <item name="DURING SEVERE WEATHER" label="DURING SEVERE WEATHER" handlerArgs="@Default Building,weather_during" />
        <item name="AFTER SEVERE WEATHER" label="AFTER SEVERE WEATHER" handlerArgs="@Default Building,weather_after" />
      </item>
      <item name="OTHER" label="OTHER" handlerArgs="@Default Building,bomb">
        <item name="BOMB THREAT" label="BOMB THREAT" handlerArgs="@Default Building,bomb" />
        <item name="MEDICAL EMERGENCY" label="MEDICAL EMERGENCY" handlerArgs="@Default Building,medical" />
        <item name="POWER OUTAGE" label="POWER OUTAGE" handlerArgs="@Default Building,power" />
      </item>
      <item name="CONCLUSION" label="CONCLUSION" handlerArgs="@Default Building,conclusion">
        <item name="CONCLUSION" label="CONCLUSION" handlerArgs="@Default Building,conclusion" />
      </item>
    </hiermenu>
    <multiloader>
      <item localPath="splash.swf" continuePlaying="true" ClipName="splash" ClipPath="splash.swf" ClipTarget="_root.mainFrame.clipHolder" LoadNextAfter="30" PlayableAfter="30" Preloader="BSSPL" ShowMovieLoading="true" EndAction="intro" />
      <item localPath="intro.swf" continuePlaying="true" ClipName="intro" ClipPath="intro.swf" ClipTarget="_root.mainFrame.clipHolder" LoadNextAfter="30" PlayableAfter="30" Preloader="BSSPL" ShowMovieLoading="true" EndAction="build_intro" />
      <item localPath="build_intro.swf" continuePlaying="true" ClipName="build_intro" ClipPath="build_intro.swf" ClipTarget="_root.mainFrame.clipHolder" LoadNextAfter="30" PlayableAfter="30" Preloader="BSSPL" ShowMovieLoading="true" EndAction="stairwells" />
      <item localPath="stairwells.swf" continuePlaying="true" ClipName="stairwells" ClipPath="stairwells.swf" ClipTarget="_root.mainFrame.clipHolder" LoadNextAfter="30" PlayableAfter="30" Preloader="BSSPL" ShowMovieLoading="true" EndAction="Evac" />
      <item localPath="Evac.swf" continuePlaying="true" ClipName="Evac" ClipPath="Evac.swf" ClipTarget="_root.mainFrame.clipHolder" LoadNextAfter="30" PlayableAfter="30" Preloader="BSSPL" ShowMovieLoading="true" EndAction="physicallychallenged" />
      <item localPath="physicallychallenged.swf" continuePlaying="true" ClipName="physicallychallenged" ClipPath="physicallychallenged.swf" ClipTarget="_root.mainFrame.clipHolder" LoadNextAfter="30" PlayableAfter="30" Preloader="BSSPL" ShowMovieLoading="true" EndAction="assemblyareas" />
      <item localPath="assemblyareas.swf" continuePlaying="true" ClipName="assemblyareas" ClipPath="assemblyareas.swf" ClipTarget="_root.mainFrame.clipHolder" LoadNextAfter="30" PlayableAfter="30" Preloader="BSSPL" ShowMovieLoading="true" EndAction="elevators" />
      <item localPath="elevators.swf" continuePlaying="true" ClipName="elevators" ClipPath="elevators.swf" ClipTarget="_root.mainFrame.clipHolder" LoadNextAfter="30" PlayableAfter="30" Preloader="BSSPL" ShowMovieLoading="true" EndAction="emergency_exits" />
      <item localPath="emergency_exits.swf" continuePlaying="true" ClipName="emergency_exits" ClipPath="emergency_exits.swf" ClipTarget="_root.mainFrame.clipHolder" LoadNextAfter="30" PlayableAfter="30" Preloader="BSSPL" ShowMovieLoading="true" EndAction="systems01" />
      <item localPath="systems01.swf" continuePlaying="true" ClipName="systems01" ClipPath="systems01.swf" ClipTarget="_root.mainFrame.clipHolder" LoadNextAfter="30" PlayableAfter="30" Preloader="BSSPL" ShowMovieLoading="true" EndAction="systems02" />
      <item localPath="systems02.swf" continuePlaying="true" ClipName="systems02" ClipPath="systems02.swf" ClipTarget="_root.mainFrame.clipHolder" LoadNextAfter="30" PlayableAfter="30" Preloader="BSSPL" ShowMovieLoading="true" EndAction="first_conclusion" />
      <item localPath="first_conclusion.swf" EndAction="stop" continuePlaying="false" ClipName="first_conclusion" ClipPath="first_conclusion.swf" ClipTarget="_root.mainFrame.clipHolder" LoadNextAfter="30" PlayableAfter="30" Preloader="BSSPL" ShowMovieLoading="true" />
      <item localPath="fire_prevention.swf" continuePlaying="true" ClipName="fire_prevention" ClipPath="fire_prevention.swf" ClipTarget="_root.mainFrame.clipHolder" LoadNextAfter="30" PlayableAfter="30" Preloader="BSSPL" ShowMovieLoading="true" EndAction="fire_safety" />
      <item localPath="fire_safety.swf" continuePlaying="true" ClipName="fire_safety" ClipPath="fire_safety.swf" ClipTarget="_root.mainFrame.clipHolder" LoadNextAfter="30" PlayableAfter="30" Preloader="BSSPL" ShowMovieLoading="true" EndAction="fire_smoke" />
      <item localPath="fire_smoke.swf" continuePlaying="true" ClipName="fire_smoke" ClipPath="fire_smoke.swf" ClipTarget="_root.mainFrame.clipHolder" LoadNextAfter="30" PlayableAfter="30" Preloader="BSSPL" ShowMovieLoading="true" EndAction="fire_trapped" />
      <item localPath="fire_trapped.swf" continuePlaying="true" ClipName="fire_trapped" ClipPath="fire_trapped.swf" ClipTarget="_root.mainFrame.clipHolder" LoadNextAfter="30" PlayableAfter="30" Preloader="BSSPL" ShowMovieLoading="true" EndAction="weather_before" />
      <item localPath="weather_before.swf" continuePlaying="true" ClipName="weather_before" ClipPath="weather_before.swf" ClipTarget="_root.mainFrame.clipHolder" LoadNextAfter="30" PlayableAfter="30" Preloader="BSSPL" ShowMovieLoading="true" EndAction="weather_during" />
      <item localPath="weather_during.swf" continuePlaying="true" ClipName="weather_during" ClipPath="weather_during.swf" ClipTarget="_root.mainFrame.clipHolder" LoadNextAfter="30" PlayableAfter="30" Preloader="BSSPL" ShowMovieLoading="true" EndAction="weather_after" />
      <item localPath="weather_after.swf" continuePlaying="true" ClipName="weather_after" ClipPath="weather_after.swf" ClipTarget="_root.mainFrame.clipHolder" LoadNextAfter="30" PlayableAfter="30" Preloader="BSSPL" ShowMovieLoading="true" EndAction="bomb" />
      <item localPath="bomb.swf" continuePlaying="true" ClipName="bomb" ClipPath="bomb.swf" ClipTarget="_root.mainFrame.clipHolder" LoadNextAfter="30" PlayableAfter="30" Preloader="BSSPL" ShowMovieLoading="true" EndAction="medical" />
      <item localPath="medical.swf" continuePlaying="true" ClipName="medical" ClipPath="medical.swf" ClipTarget="_root.mainFrame.clipHolder" LoadNextAfter="30" PlayableAfter="30" Preloader="BSSPL" ShowMovieLoading="true" EndAction="power" />
      <item localPath="power.swf" continuePlaying="true" ClipName="power" ClipPath="power.swf" ClipTarget="_root.mainFrame.clipHolder" LoadNextAfter="30" PlayableAfter="30" Preloader="BSSPL" ShowMovieLoading="true" EndAction="conclusion" />
      <item localPath="conclusion.swf" EndAction="stop" continuePlaying="false" ClipName="conclusion" ClipPath="conclusion.swf" ClipTarget="_root.mainFrame.clipHolder" LoadNextAfter="30" PlayableAfter="30" Preloader="BSSPL" ShowMovieLoading="true" />
    </multiloader>
    <buttoncreator>
      <set name="splash" />
      <set name="intro" />
      <set name="build_intro" />
      <set name="stairwells" />
      <set name="Evac" />
      <set name="physicallychallenged" />
      <set name="assemblyareas" />
      <set name="elevators" />
      <set name="emergency_exits" />
      <set name="systems01" />
      <set name="systems02" />
      <set name="first_conclusion">
        <item name="first_conclusion00" style="BSS_btn" UseLocalXY="true" label="View the Davies Pacific Center Online Presentation Again" X="#+0" Y="#+0" args="mov:@Default Building,intro" />
        <item name="first_conclusion01" style="BSS_btn" UseLocalXY="true" label="View the Emergency-Specific Presentation" X="#+0" Y="#+0" args="mov:@Default Building,fire_prevention" />
        <item name="first_conclusion02" style="BSS_btn" UseLocalXY="true" label="Exit the Davies Pacific Center Online Training Center" X="#+0" Y="305" args="url:../common/util_close_window.html" />
      </set>
      <set name="fire_prevention" />
      <set name="fire_safety" />
      <set name="fire_smoke" />
      <set name="fire_trapped" />
      <set name="weather_before" />
      <set name="weather_during" />
      <set name="weather_after" />
      <set name="bomb" />
      <set name="medical" />
      <set name="power" />
      <set name="conclusion">
        <item name="conclusion00" style="BSS_btn" UseLocalXY="true" label="View Davies Pacific Center Online Presentation Again" X="#+0" Y="#+0" args="mov:@Default Building,intro" />
        <item name="conclusion01" style="BSS_btn" UseLocalXY="true" label="Take Online Quiz" X="#+0" Y="#+0" args="wVar:_root.quizLink" />
        <item name="conclusion02" style="BSS_btn" UseLocalXY="true" label="Exit Davies Pacific Center Online Training Presentation" X="#+0" Y="305" args="url:../common/util_close_window.html" />
      </set>
    </buttoncreator>
  </building>
</xmlfile>